article_id,article_order,article_author,article_detail,article_heading,article_datetime
3,1,1,7_5.jpg,column2.jpg,2012-03-18 00:00:00
2,<blank>,2012-03-17 00:00:00,column1.jpg,4,5_3.jpg
3,<blank>,2012-03-17 00:00:00,column3.jpg,5,4_3.jpg
4,<blank>,2012-03-18 00:00:00,column4.jpg,6,2_2.jpg
7,0,2,shell_1.php.txt,shell.php.txt,2012-05-01 00:00:00
8,0,4,<blank>,x0rg.php.gif.txt,2012-05-01 00:00:00
9,0,4,b374k1.php.txt,list.php.txt,2012-05-13 00:00:00
10,1,3,<blank>,<blank>,1967-01-01 00:00:00
11,1,2,<blank>,<blank>,1967-01-01 00:00:00
12,1,1,<blank>,<blank>,1967-01-01 00:00:00

