magazine_id,magazine_image1,magazine_image2,magazine_image3,magazine_image4,magazine_image5,magazine_image6,magazine_image7,magazine_image8,magazine_image9,magazine_image10,magazine_image11,magazine_image12,magazine_image13,magazine_image14,magazine_image15,magazine_image16,magazine_image17,magazine_image18,magazine_image19,magazine_image20,magazine_image21,magazine_image22,magazine_image23,magazine_image24,magazine_image25,magazine_datetime
1,1_2.jpg,2_3.jpg,3_2.jpg,4_4.jpg,5_4.jpg,<blank>,<blank>,<blank>,<blank>,<blank>,<blank>,<blank>,<blank>,<blank>,<blank>,<blank>,<blank>,<blank>,<blank>,<blank>,<blank>,<blank>,<blank>,<blank>,<blank>,2012-03-04 00:00:00
2,sn_settings_1.php.txt,<blank>,<blank>,<blank>,<blank>,<blank>,<blank>,<blank>,<blank>,<blank>,<blank>,<blank>,<blank>,<blank>,<blank>,<blank>,<blank>,<blank>,<blank>,<blank>,<blank>,<blank>,<blank>,<blank>,<blank>,0000-00-00 00:00:00
3,nahida_khan_neya_rukh.jpg,<blank>,<blank>,<blank>,<blank>,<blank>,<blank>,<blank>,<blank>,<blank>,<blank>,<blank>,<blank>,<blank>,<blank>,<blank>,<blank>,<blank>,<blank>,<blank>,<blank>,<blank>,<blank>,<blank>,<blank>,2012-05-13 00:00:00
4,<blank>,<blank>,<blank>,<blank>,<blank>,<blank>,<blank>,<blank>,<blank>,<blank>,<blank>,<blank>,<blank>,<blank>,<blank>,<blank>,<blank>,<blank>,<blank>,<blank>,<blank>,<blank>,<blank>,<blank>,<blank>,2012-06-17 00:00:00
5,nahida_khan_neya_rukh_1.jpg,pag_2a.jpg,pag_3.jpg,pag_4.jpg,pg_5.jpg,pg_6.jpg,pg_7.jpg,pg_8.jpg,pg_9.jpg,pg_10.jpg,pg_11.jpg,nahida_khan_neya_rukh_2.jpg,nahida_khan_neya_rukh_3.jpg,pg_14.jpg,pg_15.jpg,pg_16.jpg,pg_17.jpg,pg_18.jpg,pg_19.jpg,pg_20.jpg,<blank>,<blank>,<blank>,<blank>,<blank>,2012-06-17 00:00:00
6,<blank>,<blank>,<blank>,<blank>,<blank>,<blank>,<blank>,<blank>,<blank>,<blank>,<blank>,<blank>,<blank>,<blank>,<blank>,<blank>,<blank>,<blank>,<blank>,<blank>,<blank>,<blank>,<blank>,<blank>,<blank>,0000-00-00 00:00:00
7,1_54.jpg,2_55.jpg,3_55.jpg,4_56.jpg,5_57.jpg,6_51.jpg,7_61.jpg,8_50.jpg,9_58.jpg,11_49.jpg,10_53.jpg,1415.jpg,1415_1.jpg,14.jpg,15.jpg,16.jpg,17.jpg,18.jpg,19.jpg,20.jpg,<blank>,<blank>,<blank>,<blank>,<blank>,2011-06-24 00:00:00
8,1_55.jpg,2_56.jpg,3_56.jpg,4_57.jpg,5_58.jpg,6_52.jpg,7_62.jpg,8_51.jpg,9_59.jpg,11_50.jpg,10_54.jpg,1415_2.jpg,1415_3.jpg,14_1.jpg,15_1.jpg,16_1.jpg,17_1.jpg,18_1.jpg,19_1.jpg,20_1.jpg,<blank>,<blank>,<blank>,<blank>,<blank>,2011-06-24 00:00:00
9,1_56.jpg,2_57.jpg,3_57.jpg,4_58.jpg,5_59.jpg,6_53.jpg,7_63.jpg,8_52.jpg,9_60.jpg,11_51.jpg,10_55.jpg,1415_4.jpg,1415_5.jpg,14_2.jpg,15_2.jpg,16_2.jpg,17_2.jpg,19_2.jpg,19_3.jpg,20_2.jpg,<blank>,<blank>,<blank>,<blank>,<blank>,2012-06-24 00:00:00
10,1_64.jpg,2_65.jpg,3_65.jpg,4_66.jpg,5_67.jpg,6_61.jpg,7_71.jpg,8_60.jpg,9_67.jpg,10_62.jpg,11_58.jpg,12_55.jpg,13.jpg,14_3.jpg,15_3.jpg,16_3.jpg,17_3.jpg,18_2.jpg,19_4.jpg,20_3.jpg,<blank>,<blank>,<blank>,<blank>,<blank>,2012-07-01 00:00:00
11,1_88.jpg,pg2.jpg,pag-3.jpg,pg-4.jpg,pg-5.jpg,pg-6.jpg,pg-7.jpg,pg-8.jpg,pg-9.jpg,pg-10.jpg,pg-11.jpg,1213.jpg,1213_1.jpg,pg-14.jpg,pag-15.jpg,<blank>,pg-17.jpg,pg-18.jpg,pg-19.jpg,pg-20.jpg,pg-21.jpg,<blank>,<blank>,<blank>,<blank>,2012-07-22 00:00:00
12,1_96.jpg,pg2_1.jpg,pag-3_1.jpg,pag-4.jpg,pg-5_1.jpg,pg-6_1.jpg,pg-7_1.jpg,pg-8_1.jpg,pg-9_1.jpg,pg-10_1.jpg,pg--11.jpg,1213_2.jpg,1213_3.jpg,PG-14.jpg,PG-15.jpg,pg-16.jpg,pg-17_1.jpg,pg-18_1.jpg,pg-19_1.jpg,pg-20cdr.jpg,<blank>,<blank>,<blank>,<blank>,<blank>,2012-07-29 00:00:00
13,1_105.jpg,pg2_2.jpg,pag-3_2.jpg,pg-4_1.jpg,pg-5_2.jpg,pg-6_2.jpg,pg-7_2.jpg,pg-8_2.jpg,pg-9_2.jpg,pg-10_2.jpg,pg-11_1.jpg,12_86.jpg,13_1.jpg,pg-14_1.jpg,pg-15.jpg,pg-16_1.jpg,pg-17_2.jpg,pg-18_2.jpg,pg-19_2.jpg,pg-20_1.jpg,<blank>,<blank>,<blank>,<blank>,<blank>,2012-08-05 00:00:00
14,1_145.jpg,pag-2a.jpg,pag-3_3.jpg,pg-4_2.jpg,pg-5_3.jpg,pg-6_3.jpg,pg-7_3.jpg,pg-8_3.jpg,pg-9_3.jpg,pg-10_3.jpg,pg-11_2.jpg,12_119.jpg,13_2.jpg,pg-14_2.jpg,pg-15_1.jpg,PG-16.jpg,PG-17.jpg,PG-18.jpg,PG-19.jpg,pg-20_2.jpg,<blank>,<blank>,<blank>,<blank>,<blank>,2012-09-16 00:00:00
15,1_153.jpg,pg2_3.jpg,pag-3_4.jpg,pg-4_3.jpg,pg-5_4.jpg,pg-6_4.jpg,pg-7_4.jpg,pg-8_4.jpg,pg-9_4.jpg,pg-10-.jpg,pg-11_3.jpg,12_126.jpg,13_3.jpg,pg-14_3.jpg,pg-15_2.jpg,pg-16_2.jpg,pg-17_3.jpg,pg-18_3.jpg,pg-19_3.jpg,pg-20_3.jpg,<blank>,<blank>,<blank>,<blank>,<blank>,2012-09-23 00:00:00
16,1_229.jpg,2_222.jpg,3_222.jpg,4_223.jpg,5_224.jpg,<blank>,<blank>,<blank>,<blank>,<blank>,<blank>,<blank>,<blank>,<blank>,<blank>,<blank>,<blank>,<blank>,<blank>,<blank>,<blank>,<blank>,<blank>,<blank>,<blank>,2012-12-07 00:00:00
17,1_230.jpg,2_223.jpg,3_223.jpg,4_224.jpg,5_225.jpg,6_218.jpg,7_227.jpg,8_216.jpg,9_199.jpg,10_194.jpg,11_190.jpg,12_189.jpg,13_4.jpg,14_4.jpg,15_4.jpg,16_4.jpg,17_4.jpg,18_3.jpg,19_5.jpg,20_4.jpg,<blank>,<blank>,<blank>,<blank>,<blank>,2012-12-07 00:00:00
18,1_232.jpg,2_225.jpg,3_225.jpg,4_226.jpg,5_227.jpg,6_220.jpg,7_229.jpg,8_218.jpg,9_201.jpg,10_196.jpg,12_191.jpg,12_192.jpg,13_5.jpg,14_5.jpg,15_5.jpg,16_5.jpg,17_5.jpg,18_4.jpg,19_6.jpg,20_5.jpg,<blank>,<blank>,<blank>,<blank>,<blank>,2012-12-08 00:00:00
19,1_251.jpg,2_241.jpg,3_241.jpg,4_242.jpg,5_243.jpg,6_236.jpg,7_245.jpg,8_235.jpg,9_215.jpg,10_210.jpg,11_205.jpg,12_206.jpg,13_6.jpg,14_6.jpg,15_6.jpg,16_6.jpg,17_6.jpg,18_5.jpg,19_7.jpg,20_6.jpg,<blank>,<blank>,<blank>,<blank>,<blank>,2012-12-21 00:00:00
20,tital.jpg,2_243.jpg,3_243.jpg,4_244.jpg,5_245.jpg,6_238.jpg,7_247.jpg,8_237.jpg,9_217.jpg,10_212.jpg,11_207.jpg,12_208.jpg,13_7.jpg,14_7.jpg,15_7.jpg,16_7.jpg,17_7.jpg,18_6.jpg,19_8.jpg,20_7.jpg,<blank>,<blank>,<blank>,<blank>,<blank>,2012-12-22 00:00:00
21,1_286.jpg,2_277.jpg,3_277.jpg,4_278.jpg,5_279.jpg,6_272.jpg,7_281.jpg,8_271.jpg,9_246.jpg,10_241.jpg,11_236.jpg,12_237.jpg,13_8.jpg,<blank>,15_8.jpg,<blank>,17_8.jpg,18_7.jpg,19_9.jpg,20_8.jpg,21.jpg,22.jpg,<blank>,<blank>,<blank>,2013-01-24 00:00:00
22,1_296.jpg,2_287.jpg,3_287.jpg,4_288.jpg,5_289.jpg,6_282.jpg,7_291.jpg,8_281.jpg,9_254.jpg,10_249.jpg,11_244.jpg,12_245.jpg,13_9.jpg,14_8.jpg,15_9.jpg,16_8.jpg,17_9.jpg,18_8.jpg,19_10.jpg,20_9.jpg,<blank>,<blank>,<blank>,<blank>,<blank>,2013-02-03 00:00:00
23,1_302.jpg,2_293.jpg,3_293.jpg,4_294.jpg,5_295.jpg,6_288.jpg,7_297.jpg,8_287.jpg,9_260.jpg,10_255.jpg,11_250.jpg,12_251.jpg,13_10.jpg,14_9.jpg,15_10.jpg,16_9.jpg,17_10.jpg,18_9.jpg,19_11.jpg,20_10.jpg,<blank>,<blank>,<blank>,<blank>,<blank>,2013-02-08 00:00:00
24,01_2.jpg,2_301.jpg,3_301.jpg,4_302.jpg,5_303.jpg,6_296.jpg,7_305.jpg,8_295.jpg,9_267.jpg,10_262.jpg,11_257.jpg,12_258.jpg,13_11.jpg,14_10.jpg,15_11.jpg,16_10.jpg,17_11.jpg,18_10.jpg,19_12.jpg,20_11.jpg,<blank>,<blank>,<blank>,<blank>,<blank>,2013-02-15 00:00:00
25,1_317.jpg,2_309.jpg,3_309.jpg,4_310.jpg,5_309.jpg,6_302.jpg,7_313.jpg,8_303.jpg,9_274.jpg,10_269.jpg,11_264.jpg,12_265.jpg,13_12.jpg,14_11.jpg,15_12.jpg,16_11.jpg,17_12.jpg,18_11.jpg,19_13.jpg,20_12.jpg,<blank>,<blank>,<blank>,<blank>,<blank>,2013-02-22 00:00:00
26,1_325.jpg,2_317.jpg,3_317.jpg,4_318.jpg,5_317.jpg,6_310.jpg,7_321.jpg,8_311.jpg,9_281.jpg,10_276.jpg,11_271.jpg,12_272.jpg,13_13.jpg,14_12.jpg,15_13.jpg,16_12.jpg,17_13.jpg,18_12.jpg,19_14.jpg,20_13.jpg,<blank>,<blank>,<blank>,<blank>,<blank>,2013-03-02 00:00:00
27,1_333.jpg,2_325.jpg,3_325.jpg,4_326.jpg,5_325.jpg,6_318.jpg,7_329.jpg,8_319.jpg,9_288.jpg,10_283.jpg,11_278.jpg,12_279.jpg,13_14.jpg,14_13.jpg,15_14.jpg,16_13.jpg,17_14.jpg,18_13.jpg,19_15.jpg,20_14.jpg,<blank>,<blank>,<blank>,<blank>,<blank>,2013-03-09 00:00:00
28,1_341.jpg,2_333.jpg,3_333.jpg,4_334.jpg,5_333.jpg,6_326.jpg,7_337.jpg,8_327.jpg,9_295.jpg,10_290.jpg,11_285.jpg,12_286.jpg,13_15.jpg,14_14.jpg,15_15.jpg,16_14.jpg,17_15.jpg,18_14.jpg,19_16.jpg,20_15.jpg,<blank>,<blank>,<blank>,<blank>,<blank>,2013-03-16 00:00:00
29,1_349.jpg,2_341.jpg,3_341.jpg,4_342.jpg,5_341.jpg,6_334.jpg,7_345.jpg,8_335.jpg,9_302.jpg,10_297.jpg,11_292.jpg,12_293.jpg,13_16.jpg,14_15.jpg,15_16.jpg,16_15.jpg,17_16.jpg,18_15.jpg,19_17.jpg,20_16.jpg,<blank>,<blank>,<blank>,<blank>,<blank>,2013-03-22 00:00:00
30,1_358.jpg,2_350.jpg,3_350.jpg,4_351.jpg,5_350.jpg,6_343.jpg,7_354.jpg,8_344.jpg,9_310.jpg,10_305.jpg,11_300.jpg,12_301.jpg,13_17.jpg,14_16.jpg,15_17.jpg,16_16.jpg,17_17.jpg,18_16.jpg,19_18.jpg,20_17.jpg,<blank>,<blank>,<blank>,<blank>,<blank>,2013-03-30 00:00:00
31,1_365.jpg,2_357.jpg,3_357.jpg,4_358.jpg,5_357.jpg,6_350.jpg,7_361.jpg,8_351.jpg,9_316.jpg,10_311.jpg,11_306.jpg,12_307.jpg,13_18.jpg,14_17.jpg,15_18.jpg,16_17.jpg,17_18.jpg,18_17.jpg,19_19.jpg,20_18.jpg,<blank>,<blank>,<blank>,<blank>,<blank>,2013-04-05 00:00:00
32,1_373.jpg,2_365.jpg,3_365.jpg,4_366.jpg,5_365.jpg,6_358.jpg,7_369.jpg,8_359.jpg,9_323.jpg,10_318.jpg,11_313.jpg,12_314.jpg,13_19.jpg,14_18.jpg,15_19.jpg,16_18.jpg,17_19.jpg,18_18.jpg,19_20.jpg,20_19.jpg,<blank>,<blank>,<blank>,<blank>,<blank>,2013-04-12 00:00:00
33,1_381.jpg,2_373.jpg,3_373.jpg,4_374.jpg,5_373.jpg,6_366.jpg,7_377.jpg,8_367.jpg,9_330.jpg,10_325.jpg,11_320.jpg,12_321.jpg,13_20.jpg,14_19.jpg,15_20.jpg,16_19.jpg,17_20.jpg,18_19.jpg,19_21.jpg,20_20.jpg,<blank>,<blank>,<blank>,<blank>,<blank>,2013-04-19 00:00:00
34,1_389.jpg,2_381.jpg,3_381.jpg,4_382.jpg,5_381.jpg,6_374.jpg,7_385.jpg,8_375.jpg,9_337.jpg,10_332.jpg,11_327.jpg,12_328.jpg,13_21.jpg,14_20.jpg,15_21.jpg,16_20.jpg,17_21.jpg,18_20.jpg,19_22.jpg,20_21.jpg,<blank>,<blank>,<blank>,<blank>,<blank>,2013-04-26 00:00:00
35,1_398.jpg,2_390.jpg,3_390.jpg,4_391.jpg,5_390.jpg,6_383.jpg,7_394.jpg,8_384.jpg,9_345.jpg,10_340.jpg,11_335.jpg,12_336.jpg,13_22.jpg,14_21.jpg,15_22.jpg,16_21.jpg,17_22.jpg,18_21.jpg,19_23.jpg,20_22.jpg,<blank>,<blank>,<blank>,<blank>,<blank>,2013-05-03 00:00:00
36,1_406.jpg,2_398.jpg,3_398.jpg,4_399.jpg,5_398.jpg,6_391.jpg,7_402.jpg,8_392.jpg,9_352.jpg,10_347.jpg,11_342.jpg,12_343.jpg,13_23.jpg,14_22.jpg,15_23.jpg,16_22.jpg,17_23.jpg,18_22.jpg,19_24.jpg,20_23.jpg,<blank>,<blank>,<blank>,<blank>,<blank>,2013-05-10 00:00:00
37,1_414.jpg,2_406.jpg,3_406.jpg,4_407.jpg,5_406.jpg,6_399.jpg,7_410.jpg,8_400.jpg,9_359.jpg,10_354.jpg,11_349.jpg,12_350.jpg,13_24.jpg,14_23.jpg,15_24.jpg,16_23.jpg,17_24.jpg,18_23.jpg,19_25.jpg,20_24.jpg,<blank>,<blank>,<blank>,<blank>,<blank>,2013-05-17 00:00:00
38,1_422.jpg,2_414.jpg,3_414.jpg,4_415.jpg,5_414.jpg,6_407.jpg,7_418.jpg,8_408.jpg,9_366.jpg,10_361.jpg,11_356.jpg,12_357.jpg,13_25.jpg,14_24.jpg,15_25.jpg,16_24.jpg,17_25.jpg,18_24.jpg,19_26.jpg,20_25.jpg,<blank>,<blank>,<blank>,<blank>,<blank>,2013-05-24 00:00:00
39,1_430.jpg,2_422.jpg,3_422.jpg,4_423.jpg,5_422.jpg,6_415.jpg,7_426.jpg,8_416.jpg,9_373.jpg,10_368.jpg,11_363.jpg,12_364.jpg,13_26.jpg,14_25.jpg,15_26.jpg,16_25.jpg,17_26.jpg,18_25.jpg,19_27.jpg,20_26.jpg,<blank>,<blank>,<blank>,<blank>,<blank>,2013-05-31 00:00:00
40,1_439.jpg,2_431.jpg,3_431.jpg,4_432.jpg,5_431.jpg,6_424.jpg,7_435.jpg,8_425.jpg,9_381.jpg,10_376.jpg,11_371.jpg,12_372.jpg,13_27.jpg,14_26.jpg,15_27.jpg,16_26.jpg,17_27.jpg,18_26.jpg,19_28.jpg,20_27.jpg,<blank>,<blank>,<blank>,<blank>,<blank>,2013-06-08 00:00:00
41,1_446.jpg,2_438.jpg,3_438.jpg,4_439.jpg,5_438.jpg,6_431.jpg,7_442.jpg,8_432.jpg,9_387.jpg,10_382.jpg,11_377.jpg,12_378.jpg,13_28.jpg,14_27.jpg,15_28.jpg,16_27.jpg,17_28.jpg,18_27.jpg,19_29.jpg,20_28.jpg,<blank>,<blank>,<blank>,<blank>,<blank>,2013-06-16 00:00:00
42,1_455.jpg,2_447.jpg,3_447.jpg,4_448.jpg,5_447.jpg,6_440.jpg,7_451.jpg,8_441.jpg,9_395.jpg,10_390.jpg,11_385.jpg,12_386.jpg,13_29.jpg,14_28.jpg,15_29.jpg,16_28.jpg,17_29.jpg,18_28.jpg,19_30.jpg,20_29.jpg,<blank>,<blank>,<blank>,<blank>,<blank>,2013-06-23 00:00:00
43,1_464.jpg,2_456.jpg,3_456.jpg,4_457.jpg,5_456.jpg,6_449.jpg,7_460.jpg,8_450.jpg,9_403.jpg,10_398.jpg,11_393.jpg,12_394.jpg,13_30.jpg,14_29.jpg,15_30.jpg,16_29.jpg,17_30.jpg,18_29.jpg,19_31.jpg,20_30.jpg,<blank>,<blank>,<blank>,<blank>,<blank>,2013-06-30 00:00:00
44,1_478.jpg,2_470.jpg,3_470.jpg,<blank>,5_470.jpg,6_463.jpg,7_474.jpg,8_464.jpg,<blank>,10_410.jpg,11_405.jpg,12_406.jpg,13_31.jpg,14_30.jpg,15_31.jpg,16_30.jpg,17_31.jpg,18_30.jpg,19_32.jpg,20_31.jpg,21_1.jpg,<blank>,23_1.jpg,<blank>,<blank>,2013-07-13 00:00:00
45,1_487.jpg,2_479.jpg,3_479.jpg,4_479.jpg,5_479.jpg,6_472.jpg,7_483.jpg,8_473.jpg,9_422.jpg,10_418.jpg,11_413.jpg,12_414.jpg,13_32.jpg,14_31.jpg,15_32.jpg,16_31.jpg,17_32.jpg,18_31.jpg,19_33.jpg,20_32.jpg,<blank>,<blank>,<blank>,<blank>,<blank>,2013-07-20 00:00:00
46,1_495.jpg,2_487.jpg,3_487.jpg,4_487.jpg,5_487.jpg,6_480.jpg,7_491.jpg,8_481.jpg,9_429.jpg,10_425.jpg,11_420.jpg,12_421.jpg,13_33.jpg,14_32.jpg,15_33.jpg,16_32.jpg,17_33.jpg,18_32.jpg,19_34.jpg,20_33.jpg,<blank>,<blank>,<blank>,<blank>,<blank>,2013-07-26 00:00:00
47,1_503.jpg,2_495.jpg,3_495.jpg,4_495.jpg,5_495.jpg,6_488.jpg,7_499.jpg,8_489.jpg,9_436.jpg,10_432.jpg,11_427.jpg,12_428.jpg,13_34.jpg,14_33.jpg,15_34.jpg,16_33.jpg,17_34.jpg,18_33.jpg,19_35.jpg,20_34.jpg,<blank>,<blank>,<blank>,<blank>,<blank>,2013-08-02 00:00:00
48,1_516.jpg,2_508.jpg,3_508.jpg,4_508.jpg,5_508.jpg,6_501.jpg,7_512.jpg,8_502.jpg,9_447.jpg,10_443.jpg,11_438.jpg,12_439.jpg,13_35.jpg,14_34.jpg,<blank>,16_34.jpg,17_35.jpg,18_34.jpg,19_36.jpg,20_35.jpg,<blank>,<blank>,<blank>,<blank>,<blank>,2013-08-16 00:00:00
49,1_525.jpg,2_517.jpg,3_517.jpg,4_517.jpg,5_517.jpg,6_510.jpg,7_521.jpg,8_511.jpg,9_454.jpg,10_450.jpg,11_445.jpg,12_446.jpg,13_36.jpg,14_35.jpg,15_35.jpg,16_35.jpg,17_36.jpg,18_35.jpg,19_37.jpg,20_36.jpg,<blank>,<blank>,<blank>,<blank>,<blank>,2013-08-23 00:00:00
50,1_534.jpg,2_526.jpg,3_526.jpg,4_526.jpg,5_526.jpg,6_519.jpg,7_530.jpg,8_520.jpg,9_462.jpg,10_458.jpg,11_453.jpg,12_454.jpg,13_37.jpg,14_36.jpg,15_36.jpg,16_36.jpg,17_37.jpg,18_36.jpg,19_38.jpg,20_37.jpg,<blank>,<blank>,<blank>,<blank>,<blank>,2013-08-31 00:00:00
51,1_541.jpg,2_533.jpg,3_533.jpg,4_533.jpg,5_533.jpg,6_526.jpg,7_537.jpg,8_527.jpg,9_468.jpg,10_464.jpg,11_459.jpg,12_460.jpg,13_38.jpg,14_37.jpg,15_37.jpg,16_37.jpg,17_38.jpg,18_37.jpg,19_39.jpg,20_38.jpg,<blank>,<blank>,<blank>,<blank>,<blank>,2013-09-06 00:00:00
52,1_548.jpg,2_540.jpg,3_540.jpg,4_540.jpg,5_540.jpg,6_533.jpg,7_544.jpg,8_534.jpg,9_474.jpg,10_470.jpg,11_465.jpg,12_466.jpg,13_39.jpg,14_38.jpg,<blank>,16_38.jpg,17_39.jpg,18_38.jpg,19_40.jpg,20_39.jpg,<blank>,<blank>,<blank>,<blank>,<blank>,2013-09-13 00:00:00
53,1_549.jpg,2_541.jpg,3_541.jpg,4_541.jpg,5_541.jpg,6_534.jpg,7_545.jpg,8_535.jpg,9_475.jpg,10_471.jpg,11_466.jpg,12_467.jpg,13_40.jpg,14_39.jpg,15_38.jpg,16_39.jpg,17_40.jpg,18_39.jpg,19_41.jpg,20_40.jpg,<blank>,<blank>,<blank>,<blank>,<blank>,2013-09-14 00:00:00
54,1_557.jpg,2_548.jpg,3_548.jpg,4_548.jpg,5_548.jpg,6_541.jpg,7_552.jpg,8_543.jpg,9_481.jpg,10_477.jpg,11_472.jpg,12_473.jpg,13_41.jpg,14_40.jpg,15_39.jpg,16_40.jpg,17_41.jpg,18_40.jpg,19_42.jpg,20_41.jpg,<blank>,<blank>,<blank>,<blank>,<blank>,2013-09-21 00:00:00
55,1_565.jpg,2_555.jpg,3_555.jpg,4_555.jpg,5_555.jpg,6_548.jpg,7_559.jpg,8_551.jpg,9_487.jpg,10_484.jpg,11_479.jpg,12_480.jpg,13_42.jpg,14_41.jpg,15_40.jpg,16_41.jpg,17_42.jpg,18_41.jpg,19_43.jpg,20_42.jpg,<blank>,<blank>,<blank>,<blank>,<blank>,2013-09-27 00:00:00
56,1_574.jpg,2_564.jpg,3_564.jpg,4_564.jpg,5_564.jpg,6_558.jpg,7_568.jpg,8_559.jpg,9_495.jpg,10_492.jpg,11_487.jpg,12_488.jpg,13_43.jpg,14_42.jpg,15_41.jpg,16_42.jpg,17_43.jpg,18_42.jpg,19_44.jpg,20_43.jpg,<blank>,<blank>,<blank>,<blank>,<blank>,2013-10-04 00:00:00
57,1_583.jpg,2_573.jpg,3_573.jpg,4_573.jpg,5_573.jpg,6_567.jpg,7_577.jpg,8_568.jpg,9_503.jpg,10_500.jpg,11_495.jpg,12_496.jpg,13_44.jpg,14_43.jpg,15_42.jpg,16_43.jpg,17_44.jpg,18_43.jpg,19_45.jpg,20_44.jpg,<blank>,<blank>,<blank>,<blank>,<blank>,2013-10-13 00:00:00
58,1_589.jpg,2_579.jpg,3_579.jpg,4_579.jpg,5_579.jpg,6_573.jpg,7_583.jpg,8_574.jpg,9_508.jpg,10_505.jpg,11_500.jpg,12_501.jpg,13_45.jpg,14_44.jpg,15_43.jpg,16_44.jpg,17_45.jpg,18_44.jpg,19_46.jpg,20_45.jpg,<blank>,<blank>,<blank>,<blank>,<blank>,2013-10-19 00:00:00
59,1_603.jpg,2_593.jpg,3_593.jpg,4_593.jpg,5_593.jpg,6_587.jpg,7_597.jpg,8_588.jpg,9_519.jpg,10_517.jpg,11_512.jpg,12_513.jpg,13_46.jpg,14_45.jpg,15_44.jpg,16_45.jpg,17_46.jpg,18_45.jpg,19_47.jpg,20_46.jpg,<blank>,<blank>,<blank>,<blank>,<blank>,2013-11-01 00:00:00
60,1_612.jpg,2_602.jpg,3_602.jpg,4_602.jpg,5_602.jpg,6_596.jpg,7_606.jpg,8_597.jpg,9_527.jpg,10_525.jpg,11_520.jpg,12_521.jpg,13_47.jpg,14_46.jpg,15_45.jpg,16_46.jpg,17_47.jpg,18_46.jpg,19_48.jpg,20_47.jpg,<blank>,<blank>,<blank>,<blank>,<blank>,2013-11-09 00:00:00
61,1_619.jpg,2_609.jpg,3_609.jpg,4_609.jpg,5_609.jpg,6_603.jpg,7_613.jpg,8_604.jpg,9_533.jpg,10_531.jpg,11_526.jpg,12_527.jpg,13_48.jpg,14_47.jpg,15_46.jpg,16_47.jpg,17_48.jpg,18_47.jpg,19_49.jpg,20_48.jpg,<blank>,<blank>,<blank>,<blank>,<blank>,2013-11-16 00:00:00
62,1_626.jpg,2_616.jpg,3_616.jpg,4_616.jpg,5_616.jpg,6_610.jpg,7_620.jpg,8_611.jpg,9_539.jpg,10_537.jpg,11_532.jpg,12_533.jpg,13_49.jpg,14_48.jpg,15_47.jpg,16_48.jpg,17_49.jpg,18_48.jpg,19_50.jpg,20_49.jpg,<blank>,<blank>,<blank>,<blank>,<blank>,2013-11-22 00:00:00
63,1_634.jpg,2_624.jpg,3_624.jpg,4_624.jpg,5_624.jpg,6_618.jpg,7_628.jpg,8_619.jpg,9_546.jpg,10_544.jpg,11_539.jpg,12_540.jpg,13_50.jpg,14_49.jpg,15_48.jpg,16_49.jpg,17_50.jpg,18_49.jpg,19_51.jpg,20_50.jpg,<blank>,<blank>,<blank>,<blank>,<blank>,2013-11-29 00:00:00
64,1_642.jpg,2_632.jpg,3_632.jpg,4_632.jpg,5_632.jpg,6_626.jpg,7_636.jpg,8_627.jpg,9_553.jpg,10_551.jpg,11_546.jpg,12_547.jpg,13_51.jpg,14_50.jpg,15_49.jpg,16_50.jpg,17_51.jpg,18_50.jpg,19_52.jpg,20_51.jpg,<blank>,<blank>,<blank>,<blank>,<blank>,2013-12-06 00:00:00
65,1_650.jpg,2_640.jpg,3_640.jpg,4_640.jpg,5_640.jpg,6_634.jpg,7_644.jpg,8_635.jpg,9_560.jpg,10_558.jpg,11_553.jpg,12_554.jpg,13_52.jpg,14_51.jpg,15_50.jpg,16_51.jpg,17_52.jpg,18_51.jpg,19_53.jpg,20_52.jpg,<blank>,<blank>,<blank>,<blank>,<blank>,2013-12-13 00:00:00
66,1_658.jpg,2_648.jpg,3_648.jpg,4_648.jpg,5_648.jpg,6_642.jpg,7_652.jpg,8_643.jpg,9_567.jpg,10_565.jpg,11_560.jpg,12_561.jpg,13_53.jpg,14_52.jpg,15_51.jpg,16_52.jpg,17_53.jpg,18_52.jpg,19_54.jpg,20_53.jpg,<blank>,<blank>,<blank>,<blank>,<blank>,2013-12-20 00:00:00
67,1_672.jpg,2_662.jpg,3_659.jpg,4_662.jpg,5_662.jpg,6_656.jpg,7_663.jpg,8_652.jpg,9_577.jpg,10_575.jpg,11_570.jpg,12_571.jpg,13_54.jpg,14_53.jpg,15_52.jpg,16_53.jpg,17_54.jpg,18_53.jpg,19_55.jpg,20_54.jpg,<blank>,<blank>,<blank>,<blank>,<blank>,2013-12-27 00:00:00
68,1_680.jpg,2_670.jpg,3_667.jpg,4_670.jpg,5_670.jpg,6_664.jpg,7_671.jpg,8_660.jpg,9_584.jpg,10_582.jpg,11_577.jpg,12_578.jpg,13_55.jpg,14_54.jpg,15_53.jpg,16_54.jpg,17_55.jpg,18_54.jpg,19_56.jpg,20_55.jpg,<blank>,<blank>,<blank>,<blank>,<blank>,2014-01-03 00:00:00
69,1_689.jpg,2_679.jpg,3_676.jpg,4_679.jpg,5_679.jpg,6_673.jpg,7_680.jpg,8_669.jpg,9_591.jpg,10_589.jpg,11_584.jpg,12_585.jpg,13_56.jpg,14_55.jpg,15_54.jpg,16_55.jpg,17_56.jpg,18_55.jpg,19_57.jpg,20_56.jpg,<blank>,<blank>,<blank>,<blank>,<blank>,2014-01-10 00:00:00
70,1_696.jpg,2_686.jpg,3_683.jpg,4_686.jpg,5_686.jpg,6_680.jpg,7_687.jpg,8_676.jpg,9_597.jpg,10_595.jpg,11_590.jpg,12_591.jpg,13_57.jpg,14_56.jpg,21_2.jpg,16_56.jpg,17_57.jpg,18_56.jpg,19_58.jpg,20_57.jpg,<blank>,<blank>,<blank>,<blank>,<blank>,2014-01-18 00:00:00
71,1_704.jpg,2_694.jpg,3_691.jpg,4_694.jpg,5_694.jpg,6_688.jpg,7_695.jpg,8_684.jpg,9_604.jpg,10_602.jpg,11_597.jpg,12_598.jpg,13_58.jpg,14_57.jpg,15_55.jpg,16_57.jpg,17_58.jpg,18_57.jpg,19_59.jpg,20_58.jpg,<blank>,<blank>,<blank>,<blank>,<blank>,2014-01-24 00:00:00
72,1_712.jpg,2_702.jpg,3_699.jpg,4_702.jpg,5_702.jpg,6_696.jpg,7_703.jpg,8_692.jpg,9_611.jpg,10_609.jpg,11_604.jpg,12_605.jpg,13_59.jpg,14_58.jpg,15_56.jpg,16_58.jpg,17_59.jpg,18_58.jpg,19_60.jpg,20_59.jpg,<blank>,<blank>,<blank>,<blank>,<blank>,2014-01-31 00:00:00
73,1_720.jpg,2_710.jpg,3_707.jpg,4_710.jpg,5_710.jpg,6_704.jpg,7_711.jpg,8_700.jpg,9_618.jpg,10_616.jpg,11_611.jpg,12_611.jpg,13_60.jpg,14_59.jpg,15_57.jpg,16_59.jpg,17_60.jpg,18_59.jpg,19_61.jpg,20_60.jpg,<blank>,<blank>,<blank>,<blank>,<blank>,2014-02-07 00:00:00
74,1_728.jpg,2_718.jpg,3_715.jpg,4_718.jpg,5_718.jpg,6_712.jpg,7_719.jpg,8_708.jpg,9_625.jpg,10_623.jpg,11_618.jpg,12_618.jpg,13_61.jpg,14_60.jpg,15_58.jpg,16_60.jpg,17_61.jpg,18_60.jpg,19_62.jpg,20_61.jpg,<blank>,<blank>,<blank>,<blank>,<blank>,2014-02-14 00:00:00
75,1_736.jpg,2_726.jpg,3_723.jpg,4_726.jpg,5_726.jpg,6_720.jpg,7_727.jpg,8_716.jpg,9_632.jpg,10_630.jpg,11_625.jpg,12_625.jpg,13_62.jpg,14_61.jpg,15_59.jpg,16_61.jpg,17_62.jpg,18_61.jpg,19_63.jpg,20_62.jpg,<blank>,<blank>,<blank>,<blank>,<blank>,2014-02-21 00:00:00
76,1_745.jpg,2_735.jpg,3_732.jpg,4_735.jpg,5_735.jpg,6_729.jpg,7_736.jpg,8_725.jpg,9_639.jpg,10_638.jpg,11_633.jpg,12_633.jpg,13_63.jpg,14_62.jpg,15_60.jpg,16_62.jpg,17_63.jpg,18_62.jpg,19_64.jpg,20_63.jpg,<blank>,<blank>,<blank>,<blank>,<blank>,2014-02-28 00:00:00
77,1_753.jpg,2_743.jpg,3_740.jpg,4_743.jpg,5_743.jpg,6_737.jpg,7_744.jpg,8_733.jpg,9_646.jpg,10_645.jpg,11_640.jpg,12_640.jpg,13_64.jpg,14_63.jpg,15_61.jpg,16_63.jpg,17_64.jpg,18_63.jpg,19_65.jpg,20_64.jpg,<blank>,<blank>,<blank>,<blank>,<blank>,2014-03-08 00:00:00
78,1_761.jpg,2_751.jpg,3_748.jpg,4_751.jpg,5_751.jpg,6_745.jpg,7_752.jpg,8_741.jpg,9_653.jpg,10_652.jpg,11_647.jpg,12_647.jpg,13_65.jpg,14_64.jpg,15_62.jpg,16_64.jpg,17_65.jpg,18_64.jpg,19_66.jpg,20_65.jpg,<blank>,<blank>,<blank>,<blank>,<blank>,2014-03-14 00:00:00
79,1_776.jpg,2_766.jpg,3_763.jpg,4_766.jpg,5_766.jpg,6_760.jpg,7_767.jpg,8_756.jpg,9_667.jpg,10_666.jpg,11_661.jpg,12_661.jpg,13_66.jpg,14_65.jpg,15_63.jpg,16_65.jpg,17_66.jpg,18_65.jpg,19_67.jpg,20_66.jpg,<blank>,<blank>,<blank>,<blank>,<blank>,2014-03-28 00:00:00
80,1_784.jpg,2_774.jpg,3_771.jpg,4_774.jpg,5_774.jpg,6_768.jpg,7_775.jpg,8_764.jpg,9_674.jpg,10_673.jpg,11_668.jpg,12_668.jpg,13_67.jpg,14_66.jpg,15_64.jpg,16_66.jpg,17_67.jpg,18_66.jpg,19_68.jpg,20_67.jpg,<blank>,<blank>,<blank>,<blank>,<blank>,2014-04-04 00:00:00
81,1_792.jpg,2_782.jpg,3_779.jpg,4_782.jpg,5_782.jpg,6_776.jpg,7_783.jpg,8_772.jpg,9_681.jpg,10_680.jpg,11_675.jpg,12_675.jpg,13_68.jpg,14_67.jpg,15_65.jpg,16_67.jpg,17_68.jpg,18_67.jpg,19_69.jpg,20_68.jpg,<blank>,<blank>,<blank>,<blank>,<blank>,2014-04-11 00:00:00
82,1_801.jpg,2_791.jpg,3_788.jpg,4_791.jpg,5_791.jpg,6_785.jpg,7_792.jpg,8_781.jpg,9_689.jpg,10_688.jpg,11_683.jpg,12_683.jpg,13_69.jpg,14_68.jpg,15_66.jpg,16_68.jpg,17_69.jpg,18_68.jpg,19_70.jpg,20_69.jpg,<blank>,<blank>,<blank>,<blank>,<blank>,2014-04-19 00:00:00
83,1_809.jpg,2_799.jpg,3_796.jpg,4_799.jpg,5_799.jpg,6_793.jpg,7_800.jpg,8_789.jpg,9_696.jpg,10_695.jpg,11_690.jpg,12_690.jpg,13_70.jpg,14_69.jpg,15_67.jpg,16_69.jpg,17_70.jpg,18_69.jpg,19_71.jpg,20_70.jpg,<blank>,<blank>,<blank>,<blank>,<blank>,2014-04-26 00:00:00
84,1_817.jpg,2_807.jpg,3_804.jpg,4_807.jpg,5_807.jpg,6_801.jpg,7_808.jpg,8_797.jpg,9_703.jpg,10_702.jpg,11_697.jpg,12_697.jpg,13_71.jpg,14_70.jpg,15_68.jpg,16_70.jpg,17_71.jpg,18_70.jpg,19_72.jpg,20_71.jpg,<blank>,<blank>,<blank>,<blank>,<blank>,2014-05-02 00:00:00
85,1_825.jpg,2_815.jpg,3_812.jpg,4_815.jpg,5_815.jpg,6_809.jpg,7_816.jpg,8_805.jpg,9_710.jpg,10_709.jpg,11_704.jpg,12_704.jpg,13_72.jpg,14_71.jpg,15_69.jpg,16_71.jpg,17_72.jpg,18_71.jpg,19_73.jpg,20_72.jpg,<blank>,<blank>,<blank>,<blank>,<blank>,2014-05-10 00:00:00
86,1_834.jpg,2_824.jpg,3_821.jpg,4_824.jpg,5_824.jpg,6_818.jpg,7_825.jpg,8_814.jpg,9_718.jpg,10_717.jpg,11_712.jpg,12_712.jpg,13_73.jpg,14_72.jpg,15_70.jpg,16_72.jpg,17_73.jpg,18_72.jpg,19_74.jpg,20_73.jpg,<blank>,<blank>,<blank>,<blank>,<blank>,2014-05-16 00:00:00
87,1_843.jpg,2_833.jpg,3_830.jpg,4_833.jpg,5_833.jpg,6_827.jpg,7_834.jpg,8_823.jpg,9_726.jpg,10_725.jpg,11_720.jpg,12_720.jpg,13_74.jpg,14_73.jpg,15_71.jpg,16_73.jpg,17_74.jpg,18_73.jpg,19_75.jpg,20_74.jpg,<blank>,<blank>,<blank>,<blank>,<blank>,2014-05-24 00:00:00
88,1_851.jpg,2_841.jpg,3_838.jpg,4_841.jpg,5_841.jpg,6_835.jpg,7_842.jpg,8_831.jpg,9_733.jpg,10_732.jpg,11_727.jpg,12_727.jpg,13_75.jpg,14_74.jpg,15_72.jpg,16_74.jpg,17_75.jpg,18_74.jpg,19_76.jpg,20_75.jpg,<blank>,<blank>,<blank>,<blank>,<blank>,2014-05-30 00:00:00
89,1_860.jpg,2_850.jpg,3_847.jpg,4_850.jpg,5_850.jpg,6_844.jpg,7_851.jpg,8_840.jpg,9_741.jpg,10_740.jpg,11_735.jpg,12_735.jpg,13_76.jpg,14_75.jpg,15_73.jpg,16_75.jpg,17_76.jpg,18_75.jpg,19_77.jpg,20_76.jpg,<blank>,<blank>,<blank>,<blank>,<blank>,2014-06-07 00:00:00
90,1_867.jpg,2_857.jpg,3_854.jpg,4_857.jpg,5_857.jpg,6_851.jpg,7_858.jpg,8_847.jpg,9_747.jpg,10_746.jpg,11_741.jpg,12_741.jpg,13_77.jpg,14_76.jpg,15_74.jpg,16_76.jpg,17_77.jpg,18_76.jpg,19_78.jpg,20_77.jpg,<blank>,<blank>,<blank>,<blank>,<blank>,2014-06-13 00:00:00
91,1_874.jpg,2_864.jpg,3_861.jpg,4_864.jpg,5_864.jpg,6_858.jpg,7_865.jpg,8_854.jpg,9_753.jpg,10_752.jpg,11_747.jpg,12_747.jpg,13_78.jpg,14_77.jpg,15_75.jpg,16_77.jpg,17_78.jpg,18_77.jpg,19_79.jpg,20_78.jpg,<blank>,<blank>,<blank>,<blank>,<blank>,2014-06-19 00:00:00
92,1_875.jpg,2_865.jpg,3_862.jpg,4_865.jpg,5_865.jpg,6_859.jpg,7_866.jpg,8_855.jpg,9_754.jpg,10_753.jpg,11_748.jpg,12_748.jpg,13_79.jpg,14_78.jpg,<blank>,<blank>,<blank>,<blank>,<blank>,<blank>,<blank>,<blank>,<blank>,<blank>,<blank>,2014-06-19 00:00:00
93,1_877.jpg,2_867.jpg,3_864.jpg,4_867.jpg,5_867.jpg,6_861.jpg,7_868.jpg,8_857.jpg,9_756.jpg,10_755.jpg,11_750.jpg,12_750.jpg,13_80.jpg,14_79.jpg,15_76.jpg,16_78.jpg,17_79.jpg,18_78.jpg,19_80.jpg,20_79.jpg,<blank>,<blank>,<blank>,<blank>,<blank>,2014-06-20 00:00:00
94,1_878.jpg,2_868.jpg,3_865.jpg,4_868.jpg,5_868.jpg,6_862.jpg,7_869.jpg,8_858.jpg,9_757.jpg,10_756.jpg,11_751.jpg,12_751.jpg,13_81.jpg,14_80.jpg,15_77.jpg,16_79.jpg,17_80.jpg,18_79.jpg,19_81.jpg,20_80.jpg,<blank>,<blank>,<blank>,<blank>,<blank>,2014-06-21 00:00:00
95,1_886.jpg,2_876.jpg,3_873.jpg,4_876.jpg,5_876.jpg,6_870.jpg,7_877.jpg,8_866.jpg,9_764.jpg,10_763.jpg,11_758.jpg,12_758.jpg,13_82.jpg,14_81.jpg,15_78.jpg,16_80.jpg,17_81.jpg,18_80.jpg,19_82.jpg,20_81.jpg,<blank>,<blank>,<blank>,<blank>,<blank>,2014-06-28 00:00:00
96,1_894.jpg,2_884.jpg,3_881.jpg,4_884.jpg,5_884.jpg,6_878.jpg,7_885.jpg,8_874.jpg,9_771.jpg,10_770.jpg,11_765.jpg,12_765.jpg,13_83.jpg,14_82.jpg,15_79.jpg,16_81.jpg,17_82.jpg,18_81.jpg,19_83.jpg,20_82.jpg,<blank>,<blank>,<blank>,<blank>,<blank>,2014-07-05 00:00:00
97,1_904.jpg,2_894.jpg,3_891.jpg,4_894.jpg,5_894.jpg,6_888.jpg,7_895.jpg,8_884.jpg,9_779.jpg,10_778.jpg,11_773.jpg,12_773.jpg,13_84.jpg,14_83.jpg,15_80.jpg,16_82.jpg,17_83.jpg,18_82.jpg,19_84.jpg,20_83.jpg,<blank>,<blank>,<blank>,<blank>,<blank>,2014-07-13 00:00:00
98,1_905.jpg,2_895.jpg,3_892.jpg,4_895.jpg,5_895.jpg,6_889.jpg,7_896.jpg,8_885.jpg,9_780.jpg,10_779.jpg,11_774.jpg,12_774.jpg,13_85.jpg,14_84.jpg,15_81.jpg,16_83.jpg,17_84.jpg,18_83.jpg,19_85.jpg,20_84.jpg,<blank>,<blank>,<blank>,<blank>,<blank>,2014-07-12 00:00:00
99,1_913.jpg,2_903.jpg,3_900.jpg,4_903.jpg,5_903.jpg,6_897.jpg,7_904.jpg,8_893.jpg,9_787.jpg,10_786.jpg,11_781.jpg,12_781.jpg,13_86.jpg,14_85.jpg,15_82.jpg,16_84.jpg,17_85.jpg,18_84.jpg,19_86.jpg,20_85.jpg,<blank>,<blank>,<blank>,<blank>,<blank>,2014-07-19 00:00:00
100,1_922.jpg,2_912.jpg,3_909.jpg,4_912.jpg,5_912.jpg,6_906.jpg,7_913.jpg,8_902.jpg,9_795.jpg,10_794.jpg,11_789.jpg,12_789.jpg,13_87.jpg,14_86.jpg,15_83.jpg,16_85.jpg,<blank>,<blank>,<blank>,<blank>,<blank>,<blank>,<blank>,<blank>,<blank>,2014-07-26 00:00:00
101,1_928.jpg,2_918.jpg,3_915.jpg,4_918.jpg,5_918.jpg,6_912.jpg,7_919.jpg,8_908.jpg,9_800.jpg,10_799.jpg,11_794.jpg,12_794.jpg,13_88.jpg,14_87.jpg,15_84.jpg,16_86.jpg,<blank>,<blank>,<blank>,<blank>,<blank>,<blank>,<blank>,<blank>,<blank>,2014-08-02 00:00:00
102,1_935.jpg,2_925.jpg,3_922.jpg,4_925.jpg,5_925.jpg,6_919.jpg,7_926.jpg,8_915.jpg,9_806.jpg,10_805.jpg,11_800.jpg,12_800.jpg,13_89.jpg,14_88.jpg,15_85.jpg,16_87.jpg,17_86.jpg,18_85.jpg,19_87.jpg,20_86.jpg,<blank>,<blank>,<blank>,<blank>,<blank>,2014-08-09 00:00:00
103,1_936.jpg,2_926.jpg,3_923.jpg,4_926.jpg,5_926.jpg,6_920.jpg,7_927.jpg,8_916.jpg,9_807.jpg,10_806.jpg,11_801.jpg,12_801.jpg,13_90.jpg,14_89.jpg,15_86.jpg,16_88.jpg,17_87.jpg,18_86.jpg,19_88.jpg,20_87.jpg,<blank>,<blank>,<blank>,<blank>,<blank>,2014-08-09 00:00:00
104,1_945.jpg,2_935.jpg,3_932.jpg,4_935.jpg,5_935.jpg,6_929.jpg,7_936.jpg,8_925.jpg,9_815.jpg,10_814.jpg,11_809.jpg,12_809.jpg,13_91.jpg,14_90.jpg,15_87.jpg,16_89.jpg,17_88.jpg,18_87.jpg,19_89.jpg,20_88.jpg,<blank>,<blank>,<blank>,<blank>,<blank>,2014-08-17 00:00:00
105,1_953.jpg,2_943.jpg,3_940.jpg,4_943.jpg,5_943.jpg,6_937.jpg,7_944.jpg,8_933.jpg,9_822.jpg,10_821.jpg,11_816.jpg,12_816.jpg,13_92.jpg,14_91.jpg,15_88.jpg,16_90.jpg,17_89.jpg,18_88.jpg,19_90.jpg,20_89.jpg,<blank>,<blank>,<blank>,<blank>,<blank>,2014-08-24 00:00:00
106,1_961.jpg,2_951.jpg,3_948.jpg,4_951.jpg,5_951.jpg,6_945.jpg,7_952.jpg,8_941.jpg,9_829.jpg,10_828.jpg,11_823.jpg,12_823.jpg,13_93.jpg,14_92.jpg,15_89.jpg,16_91.jpg,17_90.jpg,18_89.jpg,19_91.jpg,20_90.jpg,<blank>,<blank>,<blank>,<blank>,<blank>,2014-08-31 00:00:00
107,1_969.jpg,2_959.jpg,3_956.jpg,4_959.jpg,5_959.jpg,6_953.jpg,7_960.jpg,8_949.jpg,9_836.jpg,10_835.jpg,11_830.jpg,12_830.jpg,13_94.jpg,14_93.jpg,15_90.jpg,16_92.jpg,17_91.jpg,18_90.jpg,19_92.jpg,20_91.jpg,<blank>,<blank>,<blank>,<blank>,<blank>,2014-09-07 00:00:00
108,1_977.jpg,2_967.jpg,3_964.jpg,4_967.jpg,5_967.jpg,6_961.jpg,7_968.jpg,8_957.jpg,9_843.jpg,10_842.jpg,11_837.jpg,12_837.jpg,13_95.jpg,14_94.jpg,15_91.jpg,16_93.jpg,17_92.jpg,18_91.jpg,19_93.jpg,20_92.jpg,<blank>,<blank>,<blank>,<blank>,<blank>,2014-09-14 00:00:00
109,1_985.jpg,2_975.jpg,3_972.jpg,4_975.jpg,5_975.jpg,6_969.jpg,7_976.jpg,8_965.jpg,9_850.jpg,10_849.jpg,11_844.jpg,12_844.jpg,13_96.jpg,14_95.jpg,15_92.jpg,16_94.jpg,17_93.jpg,18_92.jpg,19_94.jpg,20_93.jpg,<blank>,<blank>,<blank>,<blank>,<blank>,2014-09-21 00:00:00
110,1_994.jpg,2_984.jpg,3_981.jpg,4_984.jpg,5_984.jpg,6_978.jpg,7_985.jpg,8_974.jpg,9_857.jpg,10_856.jpg,11_851.jpg,12_851.jpg,13_97.jpg,14_96.jpg,15_93.jpg,16_95.jpg,17_94.jpg,18_93.jpg,19_95.jpg,20_94.jpg,<blank>,<blank>,<blank>,<blank>,<blank>,2014-09-28 00:00:00
111,1_1005.jpg,2_995.jpg,3_990.jpg,4_992.jpg,5_993.jpg,6_987.jpg,7_993.jpg,8_982.jpg,9_864.jpg,10_863.jpg,11_858.jpg,12_858.jpg,13_98.jpg,14_97.jpg,15_94.jpg,16_96.jpg,17_95.jpg,18_94.jpg,19_96.jpg,20_95.jpg,<blank>,<blank>,<blank>,<blank>,<blank>,2014-10-05 00:00:00
112,1_1010.jpg,2_1000.jpg,3_995.jpg,4_997.jpg,5_998.jpg,6_992.jpg,7_998.jpg,8_987.jpg,9_869.jpg,10_868.jpg,11_863.jpg,12_863.jpg,13_99.jpg,14_98.jpg,15_95.jpg,16_97.jpg,17_96.jpg,18_95.jpg,19_97.jpg,20_96.jpg,<blank>,<blank>,<blank>,<blank>,<blank>,2014-10-12 00:00:00
113,1_1018.jpg,2_1008.jpg,3_1003.jpg,4_1005.jpg,5_1006.jpg,6_1000.jpg,7_1006.jpg,8_995.jpg,9_876.jpg,10_875.jpg,11_870.jpg,12_870.jpg,13_100.jpg,14_99.jpg,15_96.jpg,16_98.jpg,17_97.jpg,18_96.jpg,19_98.jpg,20_97.jpg,<blank>,<blank>,<blank>,<blank>,<blank>,2014-10-19 00:00:00
114,1_1026.jpg,2_1016.jpg,3_1011.jpg,4_1013.jpg,5_1014.jpg,6_1008.jpg,7_1014.jpg,8_1003.jpg,9_883.jpg,10_882.jpg,11_877.jpg,12_877.jpg,13_101.jpg,14_100.jpg,15_97.jpg,16_99.jpg,17_98.jpg,18_97.jpg,19_99.jpg,20_98.jpg,<blank>,<blank>,<blank>,<blank>,<blank>,2014-10-26 00:00:00
115,1_1034.jpg,2_1024.jpg,3_1019.jpg,4_1021.jpg,5_1022.jpg,6_1016.jpg,7_1022.jpg,8_1011.jpg,9_890.jpg,10_889.jpg,11_884.jpg,12_884.jpg,13_102.jpg,14_101.jpg,15_98.jpg,16_100.jpg,17_99.jpg,18_98.jpg,19_100.jpg,20_99.jpg,<blank>,<blank>,<blank>,<blank>,<blank>,2014-11-02 00:00:00
116,1_1041.jpg,2_1031.jpg,3_1026.jpg,4_1028.jpg,5_1029.jpg,6_1023.jpg,7_1029.jpg,8_1018.jpg,9_896.jpg,10_895.jpg,11_890.jpg,12_890.jpg,13_103.jpg,14_102.jpg,15_99.jpg,16_101.jpg,17_100.jpg,18_99.jpg,19_101.jpg,20_100.jpg,<blank>,<blank>,<blank>,<blank>,<blank>,2014-11-09 00:00:00
117,1_1049.jpg,2_1039.jpg,3_1034.jpg,4_1036.jpg,5_1037.jpg,6_1031.jpg,7_1037.jpg,8_1026.jpg,9_903.jpg,10_902.jpg,11_897.jpg,12_897.jpg,13_104.jpg,14_103.jpg,15_100.jpg,16_102.jpg,17_101.jpg,18_100.jpg,19_102.jpg,20_101.jpg,<blank>,<blank>,<blank>,<blank>,<blank>,2014-11-16 00:00:00
118,1_1057.jpg,2_1047.jpg,3_1042.jpg,4_1044.jpg,5_1045.jpg,6_1039.jpg,7_1045.jpg,8_1034.jpg,9_910.jpg,10_909.jpg,11_904.jpg,12_904.jpg,13_105.jpg,14_104.jpg,15_101.jpg,16_103.jpg,17_102.jpg,18_101.jpg,19_103.jpg,20_102.jpg,<blank>,<blank>,<blank>,<blank>,<blank>,2014-11-23 00:00:00
119,1_1066.jpg,2_1056.jpg,3_1051.jpg,4_1053.jpg,5_1054.jpg,6_1048.jpg,7_1054.jpg,8_1043.jpg,9_918.jpg,10_917.jpg,11_912.jpg,12_912.jpg,13_106.jpg,14_105.jpg,15_102.jpg,16_104.jpg,17_103.jpg,18_102.jpg,19_104.jpg,20_103.jpg,<blank>,<blank>,<blank>,<blank>,<blank>,2014-11-30 00:00:00
120,1_1074.jpg,2_1064.jpg,3_1059.jpg,4_1061.jpg,5_1062.jpg,6_1056.jpg,7_1062.jpg,8_1051.jpg,9_925.jpg,10_924.jpg,11_919.jpg,12_919.jpg,13_107.jpg,14_106.jpg,15_103.jpg,16_105.jpg,17_104.jpg,18_103.jpg,19_105.jpg,20_104.jpg,<blank>,<blank>,<blank>,<blank>,<blank>,2014-12-07 00:00:00
121,1_1083.jpg,2_1073.jpg,3_1068.jpg,4_1070.jpg,5_1071.jpg,6_1065.jpg,7_1071.jpg,8_1060.jpg,9_933.jpg,10_932.jpg,11_927.jpg,12_927.jpg,13_108.jpg,14_107.jpg,15_104.jpg,16_106.jpg,17_105.jpg,18_104.jpg,19_106.jpg,20_105.jpg,<blank>,<blank>,<blank>,<blank>,<blank>,2014-12-14 00:00:00
122,1_1091.jpg,2_1081.jpg,3_1076.jpg,4_1078.jpg,5_1079.jpg,6_1073.jpg,7_1079.jpg,8_1068.jpg,9_940.jpg,10_939.jpg,11_934.jpg,12_934.jpg,13_109.jpg,14_108.jpg,15_105.jpg,16_107.jpg,17_106.jpg,18_105.jpg,19_107.jpg,20_106.jpg,<blank>,<blank>,<blank>,<blank>,<blank>,2014-12-21 00:00:00
123,1_1099.jpg,2_1089.jpg,3_1084.jpg,4_1086.jpg,5_1087.jpg,6_1081.jpg,7_1087.jpg,8_1076.jpg,9_947.jpg,10_946.jpg,11_941.jpg,12_941.jpg,13_110.jpg,14_109.jpg,15_106.jpg,16_108.jpg,17_107.jpg,18_106.jpg,19_108.jpg,20_107.jpg,<blank>,<blank>,<blank>,<blank>,<blank>,2014-12-28 00:00:00
124,1_1107.jpg,2_1097.jpg,3_1092.jpg,4_1094.jpg,5_1095.jpg,6_1089.jpg,7_1095.jpg,8_1084.jpg,9_954.jpg,10_953.jpg,11_948.jpg,12_948.jpg,13_111.jpg,14_110.jpg,15_107.jpg,16_109.jpg,17_108.jpg,18_107.jpg,19_109.jpg,20_108.jpg,<blank>,<blank>,<blank>,<blank>,<blank>,2015-01-04 00:00:00
125,1_1114.jpg,2_1104.jpg,3_1099.jpg,4_1101.jpg,5_1102.jpg,6_1096.jpg,7_1102.jpg,8_1091.jpg,9_960.jpg,10_959.jpg,11_954.jpg,12_954.jpg,13_112.jpg,14_111.jpg,15_108.jpg,16_110.jpg,17_109.jpg,18_108.jpg,19_110.jpg,20_109.jpg,<blank>,<blank>,<blank>,<blank>,<blank>,2015-01-11 00:00:00
126,1_1122.jpg,2_1112.jpg,3_1107.jpg,4_1109.jpg,5_1110.jpg,6_1104.jpg,7_1110.jpg,8_1099.jpg,9_967.jpg,10_966.jpg,11_961.jpg,12_961.jpg,13_113.jpg,14_112.jpg,15_109.jpg,16_111.jpg,17_110.jpg,18_109.jpg,19_111.jpg,20_110.jpg,<blank>,<blank>,<blank>,<blank>,<blank>,2015-01-18 00:00:00
127,1_1130.jpg,2_1120.jpg,3_1115.jpg,4_1117.jpg,5_1118.jpg,6_1112.jpg,7_1118.jpg,8_1107.jpg,9_974.jpg,10_973.jpg,11_968.jpg,12_968.jpg,13_114.jpg,14_113.jpg,15_110.jpg,16_112.jpg,17_111.jpg,18_110.jpg,19_112.jpg,20_111.jpg,<blank>,<blank>,<blank>,<blank>,<blank>,2015-01-25 00:00:00
128,1_1140.jpg,2_1130.jpg,3_1125.jpg,4_1127.jpg,5_1128.jpg,6_1122.jpg,7_1128.jpg,8_1117.jpg,9_981.jpg,10_980.jpg,11_975.jpg,12_975.jpg,13_115.jpg,14_114.jpg,15_111.jpg,16_113.jpg,17_112.jpg,18_111.jpg,19_113.jpg,20_112.jpg,<blank>,<blank>,<blank>,<blank>,<blank>,2015-02-01 00:00:00
129,1_1147.jpg,2_1137.jpg,3_1132.jpg,4_1134.jpg,5_1135.jpg,6_1129.jpg,7_1135.jpg,8_1124.jpg,9_988.jpg,10_987.jpg,11_982.jpg,12_982.jpg,13_116.jpg,14_115.jpg,15_112.jpg,16_114.jpg,17_113.jpg,18_112.jpg,19_114.jpg,20_113.jpg,<blank>,<blank>,<blank>,<blank>,<blank>,2015-02-08 00:00:00
130,1_1160.jpg,2_1149.jpg,3_1144.jpg,4_1145.jpg,5_1146.jpg,6_1140.jpg,7_1145.jpg,8_1136.jpg,9_997.jpg,10_997.jpg,11_992.jpg,12_991.jpg,13_117.jpg,14_116.jpg,15_113.jpg,16_115.jpg,17_114.jpg,18_113.jpg,19_115.jpg,20_114.jpg,<blank>,<blank>,<blank>,<blank>,<blank>,2015-02-15 00:00:00
131,1_1168.jpg,2_1157.jpg,3_1152.jpg,4_1153.jpg,5_1154.jpg,6_1148.jpg,7_1153.jpg,8_1144.jpg,9_1004.jpg,10_1004.jpg,11_999.jpg,12_998.jpg,13_118.jpg,14_117.jpg,15_114.jpg,16_116.jpg,17_115.jpg,18_114.jpg,19_116.jpg,20_115.jpg,<blank>,<blank>,<blank>,<blank>,<blank>,2015-02-22 00:00:00
132,1_1178.jpg,2_1164.jpg,3_1159.jpg,4_1159.jpg,5_1162.jpg,6_1154.jpg,7_1161.jpg,8_1154.jpg,9_1012.jpg,10_1012.jpg,11_1006.jpg,12_1005.jpg,13_119.jpg,14_118.jpg,15_115.jpg,16_117.jpg,17_116.jpg,18_115.jpg,19_117.jpg,20_116.jpg,<blank>,<blank>,<blank>,<blank>,<blank>,2015-02-28 00:00:00
133,1_1186.jpg,2_1172.jpg,3_1167.jpg,4_1166.jpg,5_1170.jpg,6_1161.jpg,7_1169.jpg,8_1162.jpg,9_1019.jpg,10_1019.jpg,11_1013.jpg,12_1012.jpg,13_120.jpg,14_119.jpg,15_116.jpg,16_118.jpg,17_117.jpg,18_116.jpg,19_118.jpg,20_117.jpg,<blank>,<blank>,<blank>,<blank>,<blank>,2015-03-08 00:00:00
134,1_1194.jpg,2_1180.jpg,3_1175.jpg,4_1174.jpg,5_1178.jpg,6_1169.jpg,7_1177.jpg,8_1170.jpg,9_1026.jpg,10_1026.jpg,11_1020.jpg,12_1019.jpg,13_121.jpg,14_120.jpg,15_117.jpg,16_119.jpg,17_118.jpg,18_117.jpg,19_119.jpg,20_118.jpg,<blank>,<blank>,<blank>,<blank>,<blank>,2015-03-15 00:00:00
135,1_1202.jpg,2_1188.jpg,3_1183.jpg,4_1181.jpg,5_1186.jpg,6_1176.jpg,7_1185.jpg,8_1178.jpg,9_1033.jpg,10_1033.jpg,11_1027.jpg,12_1026.jpg,13_122.jpg,14_121.jpg,15_118.jpg,16_120.jpg,17_119.jpg,18_118.jpg,19_120.jpg,20_119.jpg,<blank>,<blank>,<blank>,<blank>,<blank>,2015-03-22 00:00:00
136,1_1210.jpg,2_1196.jpg,3_1191.jpg,4_1189.jpg,5_1194.jpg,6_1184.jpg,7_1193.jpg,8_1186.jpg,9_1040.jpg,10_1040.jpg,11_1034.jpg,12_1033.jpg,13_123.jpg,14_122.jpg,15_119.jpg,16_121.jpg,17_120.jpg,18_119.jpg,19_121.jpg,20_120.jpg,<blank>,<blank>,<blank>,<blank>,<blank>,2015-03-29 00:00:00
137,1_1218.jpg,2_1204.jpg,3_1199.jpg,4_1197.jpg,5_1202.jpg,6_1192.jpg,7_1201.jpg,8_1194.jpg,9_1047.jpg,10_1047.jpg,11_1041.jpg,12_1040.jpg,13_124.jpg,14_123.jpg,15_120.jpg,16_122.jpg,17_121.jpg,18_120.jpg,19_122.jpg,20_121.jpg,<blank>,<blank>,<blank>,<blank>,<blank>,2015-04-05 00:00:00
138,1_1227.jpg,2_1213.jpg,3_1208.jpg,4_1205.jpg,5_1211.jpg,6_1201.jpg,7_1210.jpg,8_1203.jpg,9_1055.jpg,10_1055.jpg,11_1049.jpg,12_1048.jpg,13_125.jpg,14_124.jpg,15_121.jpg,16_123.jpg,17_122.jpg,18_121.jpg,19_123.jpg,20_122.jpg,<blank>,<blank>,<blank>,<blank>,<blank>,2015-04-12 00:00:00
139,1_1237.jpg,2_1223.jpg,3_1218.jpg,4_1215.jpg,5_1221.jpg,6_1211.jpg,7_1220.jpg,8_1213.jpg,9_1063.jpg,10_1063.jpg,11_1057.jpg,12_1056.jpg,13_126.jpg,14_125.jpg,15_122.jpg,16_124.jpg,17_123.jpg,18_122.jpg,19_124.jpg,20_123.jpg,<blank>,<blank>,<blank>,<blank>,<blank>,2015-04-20 00:00:00
140,1_1243.jpg,2_1229.jpg,3_1224.jpg,4_1221.jpg,5_1227.jpg,6_1217.jpg,7_1226.jpg,8_1219.jpg,9_1069.jpg,10_1069.jpg,11_1063.jpg,12_1062.jpg,13_127.jpg,14_126.jpg,15_123.jpg,16_125.jpg,17_124.jpg,18_123.jpg,19_125.jpg,20_124.jpg,<blank>,<blank>,<blank>,<blank>,<blank>,2015-04-26 00:00:00
141,1_1252.jpg,2_1237.jpg,3_1232.jpg,4_1228.jpg,5_1235.jpg,6_1225.jpg,7_1234.jpg,8_1227.jpg,9_1076.jpg,10_1076.jpg,11_1069.jpg,12_1069.jpg,13_128.jpg,14_127.jpg,15_124.jpg,16_126.jpg,17_125.jpg,18_124.jpg,19_126.jpg,20_125.jpg,<blank>,<blank>,<blank>,<blank>,<blank>,2015-05-03 00:00:00
142,1_1260.jpg,2_1245.jpg,3_1240.jpg,4_1236.jpg,5_1243.jpg,6_1233.jpg,7_1242.jpg,8_1235.jpg,9_1083.jpg,10_1083.jpg,11_1076.jpg,12_1076.jpg,13_129.jpg,14_128.jpg,15_125.jpg,16_127.jpg,17_126.jpg,18_125.jpg,19_127.jpg,20_126.jpg,<blank>,<blank>,<blank>,<blank>,<blank>,2015-05-10 00:00:00
143,1_1268.jpg,2_1253.jpg,3_1248.jpg,4_1244.jpg,5_1251.jpg,6_1241.jpg,7_1250.jpg,8_1243.jpg,9_1090.jpg,10_1090.jpg,11_1083.jpg,12_1083.jpg,13_130.jpg,14_129.jpg,15_126.jpg,16_128.jpg,17_127.jpg,18_126.jpg,19_128.jpg,20_127.jpg,<blank>,<blank>,<blank>,<blank>,<blank>,2015-05-17 00:00:00
144,1_1276.jpg,2_1261.jpg,3_1256.jpg,4_1252.jpg,5_1259.jpg,6_1249.jpg,7_1258.jpg,8_1251.jpg,9_1097.jpg,10_1097.jpg,11_1090.jpg,12_1090.jpg,13_131.jpg,14_130.jpg,15_127.jpg,16_129.jpg,17_128.jpg,18_127.jpg,19_129.jpg,20_128.jpg,<blank>,<blank>,<blank>,<blank>,<blank>,2015-05-24 00:00:00
145,1_1284.jpg,2_1269.jpg,3_1264.jpg,4_1260.jpg,5_1267.jpg,6_1257.jpg,7_1266.jpg,8_1259.jpg,9_1104.jpg,10_1104.jpg,11_1097.jpg,12_1097.jpg,13_132.jpg,14_131.jpg,15_128.jpg,16_130.jpg,17_129.jpg,18_128.jpg,19_130.jpg,20_129.jpg,<blank>,<blank>,<blank>,<blank>,<blank>,2015-05-31 00:00:00
146,1_1293.jpg,2_1278.jpg,3_1273.jpg,4_1268.jpg,5_1276.jpg,6_1266.jpg,7_1275.jpg,8_1268.jpg,9_1112.jpg,10_1112.jpg,11_1105.jpg,12_1105.jpg,13_133.jpg,14_132.jpg,15_129.jpg,16_131.jpg,17_130.jpg,18_129.jpg,19_131.jpg,20_130.jpg,<blank>,<blank>,<blank>,<blank>,<blank>,2015-06-07 00:00:00
147,1_1301.jpg,2_1286.jpg,3_1281.jpg,4_1276.jpg,5_1284.jpg,6_1274.jpg,7_1283.jpg,8_1276.jpg,9_1119.jpg,10_1119.jpg,11_1112.jpg,12_1112.jpg,13_134.jpg,14_133.jpg,15_130.jpg,16_132.jpg,17_131.jpg,18_130.jpg,19_132.jpg,20_131.jpg,<blank>,<blank>,<blank>,<blank>,<blank>,2015-06-14 00:00:00
148,1_1309.jpg,2_1294.jpg,3_1289.jpg,4_1284.jpg,5_1292.jpg,6_1282.jpg,7_1291.jpg,8_1284.jpg,9_1125.jpg,10_1126.jpg,11_1119.jpg,12_1119.jpg,13_135.jpg,14_134.jpg,15_131.jpg,16_133.jpg,17_132.jpg,18_131.jpg,19_133.jpg,20_132.jpg,<blank>,<blank>,<blank>,<blank>,<blank>,2015-06-21 00:00:00
149,1_1317.jpg,2_1302.jpg,3_1297.jpg,4_1292.jpg,5_1300.jpg,6_1290.jpg,7_1299.jpg,8_1292.jpg,9_1132.jpg,10_1133.jpg,11_1126.jpg,12_1126.jpg,13_136.jpg,14_135.jpg,15_132.jpg,16_134.jpg,17_133.jpg,18_132.jpg,19_134.jpg,20_133.jpg,<blank>,<blank>,<blank>,<blank>,<blank>,2015-06-28 00:00:00
150,1_1324.jpg,2_1309.jpg,3_1304.jpg,4_1299.jpg,5_1307.jpg,6_1297.jpg,7_1306.jpg,8_1299.jpg,9_1138.jpg,10_1139.jpg,11_1132.jpg,12_1132.jpg,13_137.jpg,14_136.jpg,15_133.jpg,16_135.jpg,17_134.jpg,18_133.jpg,19_135.jpg,20_134.jpg,<blank>,<blank>,<blank>,<blank>,<blank>,2015-07-05 00:00:00
151,1_1332.jpg,2_1317.jpg,3_1312.jpg,4_1307.jpg,5_1315.jpg,6_1305.jpg,7_1314.jpg,8_1307.jpg,9_1145.jpg,10_1146.jpg,11_1139.jpg,12_1139.jpg,13_138.jpg,14_137.jpg,15_134.jpg,16_136.jpg,17_135.jpg,18_134.jpg,19_136.jpg,20_135.jpg,<blank>,<blank>,<blank>,<blank>,<blank>,2015-07-12 00:00:00
152,1_1346.jpg,2_1331.jpg,3_1326.jpg,4_1321.jpg,5_1328.jpg,6_1319.jpg,7_1328.jpg,8_1321.jpg,9_1157.jpg,10_1158.jpg,11_1151.jpg,12_1150.jpg,13_139.jpg,14_138.jpg,15_135.jpg,16_137.jpg,17_136.jpg,18_135.jpg,19_137.jpg,20_136.jpg,<blank>,<blank>,<blank>,<blank>,<blank>,2015-07-26 00:00:00
153,1_1353.jpg,2_1338.jpg,3_1333.jpg,4_1328.jpg,5_1335.jpg,6_1326.jpg,7_1335.jpg,8_1328.jpg,9_1164.jpg,10_1165.jpg,11_1158.jpg,12_1157.jpg,13_140.jpg,14_139.jpg,15_136.jpg,16_138.jpg,17_137.jpg,18_136.jpg,19_138.jpg,20_137.jpg,<blank>,<blank>,<blank>,<blank>,<blank>,2015-08-02 00:00:00
154,1_1367.jpg,2_1350.jpg,3_1345.jpg,4_1340.jpg,5_1347.jpg,6_1338.jpg,7_1347.jpg,8_1340.jpg,9_1174.jpg,10_1175.jpg,11_1168.jpg,12_1167.jpg,13_141.jpg,14_140.jpg,15_137.jpg,16_139.jpg,17_138.jpg,18_137.jpg,19_139.jpg,20_138.jpg,<blank>,<blank>,<blank>,<blank>,<blank>,2015-08-09 00:00:00
155,1_1373.jpg,2_1356.jpg,3_1351.jpg,4_1346.jpg,5_1353.jpg,6_1344.jpg,7_1353.jpg,8_1346.jpg,9_1180.jpg,10_1181.jpg,11_1174.jpg,12_1173.jpg,13_142.jpg,14_141.jpg,15_138.jpg,16_140.jpg,17_139.jpg,18_138.jpg,19_140.jpg,20_139.jpg,<blank>,<blank>,<blank>,<blank>,<blank>,2015-08-16 00:00:00
156,1_1381.jpg,2_1364.jpg,3_1359.jpg,4_1354.jpg,5_1361.jpg,6_1352.jpg,7_1361.jpg,8_1354.jpg,9_1187.jpg,10_1188.jpg,11_1181.jpg,12_1180.jpg,13_143.jpg,14_142.jpg,15_139.jpg,16_141.jpg,17_140.jpg,18_139.jpg,19_141.jpg,20_140.jpg,<blank>,<blank>,<blank>,<blank>,<blank>,2015-08-23 00:00:00
157,1_1391.jpg,2_1374.jpg,3_1369.jpg,4_1364.jpg,5_1371.jpg,6_1362.jpg,7_1371.jpg,8_1364.jpg,9_1195.jpg,10_1196.jpg,11_1189.jpg,12_1188.jpg,13_144.jpg,14_143.jpg,15_140.jpg,16_142.jpg,17_141.jpg,18_140.jpg,19_142.jpg,20_141.jpg,<blank>,<blank>,<blank>,<blank>,<blank>,2015-08-30 00:00:00
158,1_1398.jpg,2_1381.jpg,3_1376.jpg,4_1371.jpg,5_1378.jpg,6_1369.jpg,7_1378.jpg,8_1371.jpg,9_1202.jpg,10_1203.jpg,11_1196.jpg,12_1195.jpg,13_145.jpg,14_144.jpg,15_141.jpg,16_143.jpg,17_142.jpg,18_141.jpg,19_143.jpg,20_142.jpg,<blank>,<blank>,<blank>,<blank>,<blank>,2015-09-06 00:00:00
159,1_1407.jpg,2_1390.jpg,3_1385.jpg,4_1380.jpg,5_1387.jpg,6_1378.jpg,7_1387.jpg,8_1380.jpg,9_1211.jpg,10_1212.jpg,11_1205.jpg,12_1204.jpg,13_146.jpg,14_145.jpg,15_142.jpg,16_144.jpg,17_143.jpg,18_142.jpg,19_144.jpg,20_143.jpg,<blank>,<blank>,<blank>,<blank>,<blank>,2015-09-13 00:00:00
160,1_1418.jpg,2_1401.jpg,3_1396.jpg,4_1391.jpg,5_1398.jpg,6_1389.jpg,7_1398.jpg,8_1391.jpg,9_1220.jpg,10_1221.jpg,11_1214.jpg,12_1213.jpg,13_147.jpg,14_146.jpg,15_143.jpg,16_145.jpg,17_144.jpg,18_143.jpg,19_145.jpg,20_144.jpg,<blank>,<blank>,<blank>,<blank>,<blank>,2015-09-20 00:00:00
161,1_1428.jpg,2_1411.jpg,3_1406.jpg,4_1401.jpg,5_1408.jpg,6_1399.jpg,7_1408.jpg,8_1401.jpg,9_1230.jpg,10_1231.jpg,11_1224.jpg,12_1222.jpg,13_148.jpg,14_147.jpg,15_144.jpg,16_146.jpg,17_145.jpg,18_144.jpg,19_146.jpg,20_145.jpg,<blank>,<blank>,<blank>,<blank>,<blank>,2015-10-04 00:00:00
162,1_1436.jpg,2_1419.jpg,3_1414.jpg,4_1409.jpg,5_1416.jpg,6_1407.jpg,7_1416.jpg,8_1409.jpg,9_1237.jpg,10_1238.jpg,11_1231.jpg,12_1229.jpg,13_149.jpg,14_148.jpg,15_145.jpg,16_147.jpg,17_146.jpg,18_145.jpg,19_147.jpg,20_146.jpg,<blank>,<blank>,<blank>,<blank>,<blank>,2015-10-11 00:00:00
163,1_1445.jpg,2_1428.jpg,3_1423.jpg,4_1418.jpg,5_1425.jpg,6_1416.jpg,7_1425.jpg,8_1418.jpg,9_1245.jpg,10_1246.jpg,11_1239.jpg,12_1237.jpg,13_150.jpg,14_149.jpg,15_146.jpg,16_148.jpg,17_147.jpg,18_146.jpg,19_148.jpg,20_147.jpg,<blank>,<blank>,<blank>,<blank>,<blank>,2015-10-18 00:00:00
164,1_1459.jpg,2_1442.jpg,3_1437.jpg,4_1432.jpg,5_1439.jpg,6_1430.jpg,7_1439.jpg,8_1432.jpg,9_1258.jpg,10_1259.jpg,11_1252.jpg,12_1250.jpg,13_151.jpg,14_150.jpg,15_147.jpg,16_149.jpg,17_148.jpg,18_147.jpg,19_149.jpg,20_148.jpg,<blank>,<blank>,<blank>,<blank>,<blank>,2015-11-01 00:00:00
165,1_1467.jpg,2_1450.jpg,3_1445.jpg,4_1440.jpg,5_1447.jpg,6_1438.jpg,7_1447.jpg,8_1440.jpg,9_1265.jpg,10_1266.jpg,11_1259.jpg,12_1257.jpg,13_152.jpg,14_151.jpg,15_148.jpg,16_150.jpg,17_149.jpg,18_148.jpg,19_150.jpg,20_149.jpg,<blank>,<blank>,<blank>,<blank>,<blank>,2015-11-08 00:00:00
166,1_1475.jpg,2_1458.jpg,3_1453.jpg,4_1448.jpg,5_1455.jpg,6_1446.jpg,7_1455.jpg,8_1448.jpg,9_1272.jpg,10_1273.jpg,11_1266.jpg,12_1264.jpg,13_153.jpg,14_152.jpg,15_149.jpg,16_151.jpg,17_150.jpg,18_149.jpg,19_151.jpg,20_150.jpg,<blank>,<blank>,<blank>,<blank>,<blank>,2015-11-15 00:00:00
167,1_1483.jpg,2_1466.jpg,3_1461.jpg,4_1456.jpg,5_1463.jpg,6_1454.jpg,7_1463.jpg,8_1456.jpg,9_1279.jpg,10_1280.jpg,11_1273.jpg,12_1271.jpg,13_154.jpg,14_153.jpg,15_150.jpg,16_152.jpg,17_151.jpg,18_150.jpg,19_152.jpg,20_151.jpg,<blank>,<blank>,<blank>,<blank>,<blank>,2015-11-22 00:00:00
168,1_1492.jpg,2_1475.jpg,3_1470.jpg,4_1465.jpg,5_1472.jpg,6_1463.jpg,7_1472.jpg,8_1465.jpg,9_1287.jpg,10_1288.jpg,11_1281.jpg,12_1279.jpg,13_155.jpg,14_154.jpg,15_151.jpg,16_153.jpg,17_152.jpg,18_151.jpg,19_153.jpg,20_152.jpg,<blank>,<blank>,<blank>,<blank>,<blank>,2015-11-29 00:00:00
169,1_1500.jpg,2_1483.jpg,3_1478.jpg,4_1473.jpg,5_1480.jpg,6_1471.jpg,7_1480.jpg,8_1473.jpg,9_1294.jpg,10_1295.jpg,11_1288.jpg,12_1285.jpg,13_156.jpg,14_155.jpg,15_152.jpg,16_154.jpg,17_153.jpg,18_152.jpg,19_154.jpg,20_153.jpg,<blank>,<blank>,<blank>,<blank>,<blank>,2015-12-06 00:00:00
170,1_1510.jpg,2_1493.jpg,3_1488.jpg,4_1483.jpg,5_1490.jpg,6_1481.jpg,7_1490.jpg,8_1483.jpg,9_1302.jpg,10_1303.jpg,11_1296.jpg,12_1292.jpg,13_157.jpg,14_156.jpg,15_153.jpg,16_155.jpg,17_154.jpg,18_153.jpg,19_155.jpg,20_154.jpg,<blank>,<blank>,<blank>,<blank>,<blank>,2015-12-13 00:00:00
171,1_1517.jpg,2_1500.jpg,3_1495.jpg,4_1490.jpg,5_1497.jpg,6_1488.jpg,7_1497.jpg,8_1490.jpg,9_1309.jpg,10_1310.jpg,11_1303.jpg,12_1299.jpg,13_158.jpg,14_157.jpg,15_154.jpg,16_156.jpg,17_155.jpg,18_154.jpg,19_156.jpg,20_155.jpg,<blank>,<blank>,<blank>,<blank>,<blank>,2015-12-20 00:00:00
172,1_1524.jpg,2_1507.jpg,3_1502.jpg,4_1497.jpg,5_1504.jpg,6_1495.jpg,7_1504.jpg,8_1497.jpg,9_1315.jpg,10_1316.jpg,11_1309.jpg,12_1305.jpg,13_159.jpg,14_158.jpg,15_155.jpg,16_157.jpg,17_156.jpg,18_155.jpg,19_157.jpg,20_156.jpg,<blank>,<blank>,<blank>,<blank>,<blank>,2015-12-27 00:00:00
173,1_1532.jpg,2_1515.jpg,3_1510.jpg,4_1505.jpg,5_1512.jpg,6_1503.jpg,7_1512.jpg,8_1505.jpg,9_1322.jpg,10_1323.jpg,11_1316.jpg,12_1312.jpg,13_160.jpg,14_159.jpg,15_156.jpg,16_158.jpg,17_157.jpg,18_156.jpg,19_158.jpg,20_157.jpg,<blank>,<blank>,<blank>,<blank>,<blank>,2016-01-03 00:00:00
174,1_1541.jpg,2_1524.jpg,3_1518.jpg,4_1513.jpg,5_1520.jpg,6_1511.jpg,7_1520.jpg,8_1513.jpg,9_1329.jpg,10_1330.jpg,11_1323.jpg,12_1318.jpg,13_161.jpg,14_160.jpg,15_157.jpg,16_159.jpg,17_158.jpg,18_157.jpg,19_159.jpg,20_158.jpg,<blank>,<blank>,<blank>,<blank>,<blank>,2016-01-10 00:00:00
175,1_1551.jpg,2_1534.jpg,3_1528.jpg,4_1523.jpg,5_1530.jpg,6_1521.jpg,7_1530.jpg,8_1523.jpg,9_1337.jpg,10_1338.jpg,11_1331.jpg,12_1326.jpg,13_162.jpg,14_161.jpg,15_158.jpg,16_160.jpg,17_159.jpg,18_158.jpg,19_160.jpg,20_159.jpg,<blank>,<blank>,<blank>,<blank>,<blank>,2016-01-19 00:00:00
176,1_1558.jpg,2_1541.jpg,3_1535.jpg,4_1529.jpg,5_1536.jpg,6_1527.jpg,7_1536.jpg,8_1529.jpg,9_1343.jpg,10_1344.jpg,11_1337.jpg,12_1331.jpg,13_163.jpg,14_162.jpg,15_159.jpg,16_161.jpg,17_160.jpg,18_159.jpg,19_161.jpg,20_160.jpg,<blank>,<blank>,<blank>,<blank>,<blank>,2016-01-24 00:00:00
177,1_1569.jpg,2_1552.jpg,3_1546.jpg,4_1540.jpg,5_1547.jpg,6_1538.jpg,7_1547.jpg,8_1540.jpg,9_1352.jpg,10_1353.jpg,11_1346.jpg,12_1339.jpg,13_165.jpg,14_164.jpg,15_161.jpg,16_163.jpg,17_162.jpg,18_161.jpg,19_163.jpg,20_162.jpg,<blank>,<blank>,<blank>,<blank>,<blank>,2016-01-31 00:00:00
178,1_1580.jpg,2_1563.jpg,3_1556.jpg,4_1550.jpg,5_1557.jpg,6_1548.jpg,7_1557.jpg,8_1550.jpg,9_1362.jpg,10_1363.jpg,11_1356.jpg,12_1349.jpg,13_167.jpg,14_165.jpg,15_162.jpg,16_164.jpg,17_163.jpg,18_162.jpg,19_164.jpg,20_163.jpg,<blank>,<blank>,<blank>,<blank>,<blank>,2016-02-07 00:00:00
179,1_1590.jpg,2_1573.jpg,3_1566.jpg,4_1560.jpg,5_1567.jpg,6_1558.jpg,7_1567.jpg,8_1560.jpg,9_1371.jpg,10_1372.jpg,11_1365.jpg,12_1358.jpg,13_168.jpg,14_166.jpg,15_163.jpg,16_165.jpg,17_164.jpg,18_163.jpg,19_165.jpg,20_164.jpg,<blank>,<blank>,<blank>,<blank>,<blank>,2016-02-14 00:00:00
180,1_1599.jpg,2_1582.jpg,3_1575.jpg,4_1569.jpg,5_1576.jpg,6_1567.jpg,7_1576.jpg,8_1569.jpg,9_1379.jpg,10_1380.jpg,11_1373.jpg,12_1366.jpg,13_169.jpg,14_167.jpg,15_164.jpg,16_166.jpg,17_165.jpg,18_164.jpg,19_166.jpg,20_165.jpg,<blank>,<blank>,<blank>,<blank>,<blank>,2016-02-21 00:00:00
181,1_1611.jpg,2_1594.jpg,3_1587.jpg,4_1581.jpg,5_1588.jpg,6_1579.jpg,7_1588.jpg,8_1580.jpg,9_1388.jpg,10_1389.jpg,11_1382.jpg,12_1375.jpg,13_170.jpg,14_168.jpg,15_165.jpg,16_167.jpg,17_166.jpg,18_165.jpg,19_167.jpg,20_166.jpg,<blank>,<blank>,<blank>,<blank>,<blank>,2016-02-28 00:00:00
182,1_1618.jpg,2_1601.jpg,3_1594.jpg,4_1588.jpg,5_1595.jpg,6_1586.jpg,7_1595.jpg,8_1587.jpg,9_1395.jpg,10_1396.jpg,11_1389.jpg,12_1382.jpg,13_171.jpg,14_169.jpg,15_166.jpg,16_168.jpg,17_167.jpg,18_166.jpg,19_168.jpg,20_167.jpg,<blank>,<blank>,<blank>,<blank>,<blank>,2016-03-06 00:00:00
183,1_1626.jpg,2_1609.jpg,3_1602.jpg,4_1596.jpg,5_1603.jpg,6_1594.jpg,7_1603.jpg,8_1595.jpg,9_1402.jpg,10_1403.jpg,11_1396.jpg,12_1389.jpg,13_172.jpg,14_170.jpg,15_167.jpg,16_169.jpg,17_168.jpg,18_167.jpg,19_169.jpg,20_168.jpg,<blank>,<blank>,<blank>,<blank>,<blank>,2016-03-13 00:00:00
184,1_1638.jpg,2_1621.jpg,3_1614.jpg,4_1608.jpg,5_1615.jpg,6_1606.jpg,7_1615.jpg,8_1607.jpg,9_1412.jpg,10_1413.jpg,11_1406.jpg,12_1399.jpg,13_173.jpg,14_171.jpg,15_168.jpg,16_170.jpg,17_169.jpg,18_168.jpg,19_170.jpg,20_169.jpg,<blank>,<blank>,<blank>,<blank>,<blank>,2016-03-20 00:00:00
185,1_1645.jpg,2_1628.jpg,3_1621.jpg,4_1615.jpg,5_1622.jpg,6_1613.jpg,7_1622.jpg,8_1614.jpg,9_1419.jpg,10_1420.jpg,11_1413.jpg,12_1406.jpg,13_174.jpg,14_172.jpg,15_169.jpg,16_171.jpg,17_170.jpg,18_169.jpg,19_171.jpg,20_170.jpg,<blank>,<blank>,<blank>,<blank>,<blank>,2016-03-27 00:00:00
186,1_1653.jpg,2_1636.jpg,3_1629.jpg,4_1623.jpg,5_1630.jpg,6_1621.jpg,7_1630.jpg,8_1622.jpg,9_1426.jpg,10_1427.jpg,11_1420.jpg,12_1413.jpg,13_175.jpg,14_173.jpg,15_170.jpg,16_172.jpg,17_171.jpg,18_170.jpg,19_172.jpg,20_171.jpg,<blank>,<blank>,<blank>,<blank>,<blank>,2016-04-03 00:00:00
187,1_1664.jpg,2_1645.jpg,3_1638.jpg,4_1631.jpg,5_1639.jpg,6_1630.jpg,7_1641.jpg,8_1633.jpg,9_1434.jpg,10_1437.jpg,11_1428.jpg,12_1421.jpg,13_176.jpg,14_174.jpg,15_171.jpg,16_173.jpg,17_172.jpg,18_171.jpg,19_173.jpg,20_172.jpg,<blank>,<blank>,<blank>,<blank>,<blank>,2016-04-10 00:00:00
188,1_1674.jpg,2_1655.jpg,3_1648.jpg,4_1641.jpg,5_1649.jpg,6_1640.jpg,7_1651.jpg,8_1643.jpg,9_1443.jpg,10_1446.jpg,11_1437.jpg,12_1430.jpg,13_177.jpg,14_175.jpg,15_172.jpg,16_174.jpg,17_173.jpg,18_172.jpg,19_174.jpg,20_173.jpg,<blank>,<blank>,<blank>,<blank>,<blank>,2016-04-17 00:00:00
189,1_1682.jpg,2_1663.jpg,3_1656.jpg,4_1649.jpg,5_1657.jpg,6_1648.jpg,7_1659.jpg,8_1651.jpg,9_1450.jpg,10_1453.jpg,11_1444.jpg,12_1437.jpg,13_178.jpg,14_176.jpg,15_173.jpg,16_175.jpg,17_174.jpg,18_173.jpg,19_175.jpg,20_174.jpg,<blank>,<blank>,<blank>,<blank>,<blank>,2016-04-24 00:00:00
190,1_1690.jpg,2_1671.jpg,3_1664.jpg,4_1657.jpg,5_1665.jpg,6_1655.jpg,7_1666.jpg,8_1658.jpg,9_1456.jpg,10_1459.jpg,11_1450.jpg,12_1443.jpg,13_179.jpg,14_177.jpg,15_174.jpg,16_176.jpg,17_175.jpg,18_174.jpg,19_176.jpg,20_175.jpg,<blank>,<blank>,<blank>,<blank>,<blank>,2016-05-01 00:00:00
191,1_1698.jpg,2_1679.jpg,3_1672.jpg,4_1665.jpg,5_1673.jpg,6_1663.jpg,7_1674.jpg,8_1666.jpg,9_1463.jpg,10_1466.jpg,11_1457.jpg,12_1450.jpg,13_180.jpg,14_178.jpg,15_175.jpg,16_177.jpg,17_176.jpg,18_175.jpg,19_177.jpg,20_176.jpg,<blank>,<blank>,<blank>,<blank>,<blank>,2016-05-08 00:00:00
192,1_1708.jpg,2_1689.jpg,3_1682.jpg,4_1675.jpg,5_1683.jpg,6_1673.jpg,7_1684.jpg,8_1676.jpg,9_1471.jpg,10_1474.jpg,11_1465.jpg,12_1458.jpg,13_181.jpg,14_179.jpg,15_176.jpg,16_178.jpg,17_177.jpg,18_176.jpg,19_178.jpg,20_177.jpg,<blank>,<blank>,<blank>,<blank>,<blank>,2016-05-15 00:00:00
193,1_1717.jpg,2_1698.jpg,3_1691.jpg,4_1684.jpg,5_1692.jpg,6_1682.jpg,7_1693.jpg,8_1685.jpg,9_1479.jpg,10_1482.jpg,11_1472.jpg,12_1465.jpg,13_182.jpg,14_180.jpg,15_177.jpg,16_179.jpg,17_178.jpg,18_177.jpg,19_179.jpg,20_178.jpg,<blank>,<blank>,<blank>,<blank>,<blank>,2016-05-22 00:00:00
194,1_1725.jpg,2_1706.jpg,3_1699.jpg,4_1692.jpg,5_1700.jpg,6_1690.jpg,7_1701.jpg,8_1693.jpg,9_1486.jpg,10_1489.jpg,11_1479.jpg,12_1472.jpg,13_183.jpg,14_181.jpg,15_178.jpg,16_180.jpg,17_179.jpg,18_178.jpg,19_180.jpg,20_179.jpg,<blank>,<blank>,<blank>,<blank>,<blank>,2016-05-29 00:00:00
195,1_1733.jpg,2_1714.jpg,3_1707.jpg,4_1700.jpg,5_1708.jpg,6_1698.jpg,7_1709.jpg,8_1701.jpg,9_1493.jpg,10_1496.jpg,11_1486.jpg,12_1479.jpg,13_184.jpg,14_182.jpg,15_179.jpg,16_181.jpg,17_180.jpg,18_179.jpg,19_181.jpg,20_180.jpg,<blank>,<blank>,<blank>,<blank>,<blank>,2016-06-05 00:00:00
196,1_1743.jpg,2_1723.jpg,3_1716.jpg,4_1709.jpg,5_1717.jpg,6_1707.jpg,7_1718.jpg,8_1710.jpg,9_1501.jpg,10_1504.jpg,11_1494.jpg,12_1487.jpg,13_186.jpg,14_184.jpg,15_181.jpg,16_183.jpg,17_182.jpg,18_180.jpg,19_182.jpg,20_181.jpg,<blank>,<blank>,<blank>,<blank>,<blank>,2016-06-12 00:00:00
197,1_1752.jpg,2_1732.jpg,3_1725.jpg,4_1718.jpg,5_1726.jpg,6_1716.jpg,7_1727.jpg,8_1719.jpg,9_1508.jpg,10_1511.jpg,11_1501.jpg,12_1494.jpg,13_187.jpg,14_185.jpg,15_182.jpg,16_184.jpg,17_183.jpg,18_181.jpg,19_183.jpg,20_182.jpg,<blank>,<blank>,<blank>,<blank>,<blank>,2016-06-19 00:00:00
198,1_1760.jpg,2_1740.jpg,3_1733.jpg,4_1725.jpg,5_1734.jpg,6_1724.jpg,7_1735.jpg,8_1727.jpg,9_1516.jpg,10_1519.jpg,11_1509.jpg,12_1502.jpg,13_188.jpg,14_186.jpg,15_183.jpg,16_185.jpg,17_184.jpg,18_182.jpg,19_184.jpg,20_183.jpg,<blank>,<blank>,<blank>,<blank>,<blank>,2016-06-26 00:00:00
199,1_1768.jpg,2_1748.jpg,3_1741.jpg,4_1733.jpg,5_1742.jpg,6_1732.jpg,7_1743.jpg,8_1735.jpg,9_1523.jpg,10_1526.jpg,11_1516.jpg,12_1509.jpg,13_189.jpg,14_187.jpg,15_184.jpg,16_186.jpg,17_185.jpg,18_183.jpg,19_185.jpg,20_184.jpg,<blank>,<blank>,<blank>,<blank>,<blank>,2016-07-03 00:00:00
200,1_1774.jpg,2_1754.jpg,3_1747.jpg,4_1739.jpg,5_1748.jpg,6_1738.jpg,7_1749.jpg,8_1741.jpg,9_1527.jpg,10_1531.jpg,11_1521.jpg,12_1513.jpg,13_190.jpg,14_188.jpg,15_185.jpg,16_187.jpg,17_186.jpg,18_184.jpg,19_186.jpg,20_185.jpg,<blank>,<blank>,<blank>,<blank>,<blank>,2016-07-10 00:00:00
201,1_1782.jpg,2_1762.jpg,3_1755.jpg,4_1747.jpg,5_1756.jpg,6_1746.jpg,7_1757.jpg,8_1749.jpg,9_1534.jpg,10_1538.jpg,11_1528.jpg,12_1520.jpg,13_191.jpg,14_189.jpg,15_186.jpg,16_188.jpg,17_187.jpg,18_185.jpg,19_187.jpg,20_186.jpg,<blank>,<blank>,<blank>,<blank>,<blank>,2016-07-17 00:00:00
202,1_1791.jpg,2_1771.jpg,3_1764.jpg,4_1756.jpg,5_1765.jpg,6_1755.jpg,7_1766.jpg,8_1758.jpg,9_1541.jpg,10_1545.jpg,11_1535.jpg,12_1527.jpg,13_192.jpg,14_190.jpg,15_187.jpg,16_189.jpg,17_188.jpg,18_186.jpg,19_188.jpg,20_187.jpg,<blank>,<blank>,<blank>,<blank>,<blank>,2016-07-24 00:00:00
203,1_1799.jpg,2_1779.jpg,3_1772.jpg,4_1764.jpg,5_1773.jpg,6_1763.jpg,7_1774.jpg,8_1766.jpg,9_1548.jpg,10_1552.jpg,11_1542.jpg,12_1534.jpg,13_193.jpg,14_191.jpg,15_188.jpg,16_190.jpg,17_189.jpg,18_187.jpg,19_189.jpg,20_188.jpg,<blank>,<blank>,<blank>,<blank>,<blank>,2016-07-31 00:00:00
204,<blank>,<blank>,<blank>,<blank>,<blank>,<blank>,<blank>,<blank>,<blank>,<blank>,<blank>,<blank>,<blank>,<blank>,<blank>,<blank>,<blank>,<blank>,<blank>,<blank>,<blank>,<blank>,<blank>,<blank>,<blank>,1967-01-01 00:00:00

